x,y
-0.9971215438255088,1.0077231817076138
-1.657527111909399,1.3826877992491684
-1.552139515206775,1.3295443569574086
0.0962169632422405,1.176880481442771
0.0962169632422405,1.176880481442771
-0.22927438270826503,1.1845153723927464
-0.21980182379373286,1.1780616898062648
0.23149024607269753,1.0377949807326239
0.15481633595592723,1.0571886288287398
0.17118448811554668,1.0586187709630748
-0.19689685943751978,0.7109012924954662
-0.19689685943751978,0.7109012924954662
-0.04802013747700649,0.5848097589311647
-0.06277761326621262,0.5583358010068108
-0.03238179287872102,0.5347238722378738
-0.03238179287872102,0.5347238722378738
-0.13530281185019888,0.7274432522115879
-0.4956665948572837,0.9750784566028727
-0.4956665948572837,0.9750784566028727
-0.4956665948572837,0.9750784566028727
-1.330019357554697,1.017735255933885
-1.496655336111621,1.0350537881734136
-1.7794882654868067,1.0017729533030597
-2.4827953223523447,1.0008140255803815
-2.0149211250192147,1.0003887346222884
-1.881402177646194,1.0002144203440506
-1.881402177646194,1.0002144203440506
-1.7335594571655055,0.9998263854866648
-3.004948045215367,1.0002937957556495
-6.672739398226399,1.0021316637541493
-6.41918567847161,1.0041815511890404
-6.516876816058347,1.0311177453835298
-3.7363644909944536,1.9453527218483353
-3.8640707171810456,1.9754053982127155
-3.8640707171810456,1.9754053982127155
-2.884172439908319,1.740172323986123
-0.7586581383145683,0.8920068862569576
-0.23709562384901162,0.6271702451538732
-0.33255166432736527,0.6849845377882761
-0.30037214069384066,0.662940926334259
-0.19806652372730205,0.6329023015767603
-0.28884649363769366,0.6972928753841231
-0.6309182242773708,0.8303083120766065
-1.6190526399083618,0.999397294791372
-1.3399420835883729,0.9996688410093252
-1.2539959975053936,0.9997911124107881
-0.7484002487349684,0.9997116041599123
-1.7225993154606367,0.9998380159474705
-1.7228348213529658,0.9998380591272807
-1.6100719842095579,0.9998401205038854
-1.726679420624711,0.9995780002967414
-3.622886344153624,0.9999843100753817
-3.50930814400161,0.9999303866843122
-3.0934858108729384,0.9987860694181177
-2.8351332865572645,1.1336594618059936
-3.312348952308743,1.2028480670945008
-3.232417556021312,1.19955537716189
-1.7784062865769743,1.2029362085698374
-0.3605335481805764,1.17612703169055
-0.28563293224062086,1.1468071287266293
-0.38094667971039936,1.0593078343661
-0.12378953241366379,0.8409076877696756
-0.8115466641493222,0.8809632406700117
-0.7685203643040571,0.8320919793467825
-1.5558286915314934,0.8400117742377984
-2.8970833037980297,0.9209209641747286
-4.86753112719244,1.2385266067793588
-6.563968685163645,1.3795700271139681
-7.836877519695822,1.5135505764915431
-6.998376894617496,1.6495157962934548
-7.2282688586420285,1.6415129955517296
-4.657877837878813,1.685123640281771
-5.266807211920281,1.8711098372980086
-2.5982664586067314,1.8996715188207158
-2.7747557195554267,1.0037458958531897
-3.1628928779124927,1.0014947974737487
-2.230301086041273,1.0004122110058882
-2.2539672589269473,1.000288350853825
-2.1548750578695453,1.0002003956887122
-1.823126967632154,1.0001168948861985
-5.88870090488127,1.0011542256120296
-6.891449053058512,1.0016271931219616
-12.092880074383675,1.0041088505193916
-16.89874032653817,1.0085980447547034
-16.491802730560376,1.017472787646208
-24.999727214942276,1.7472968629070746
-18.412869554508156,4.574792498952436
-5.69246696807413,1.1277918907329305
-5.038811535163575,1.1621536292204615
-3.942385666691361,1.174064233287572
-2.6372195712332496,1.1757185425036194
-2.4279877339270475,1.1884293791650158
-2.9048898686304168,1.1956336656106044
-1.7166644087965635,1.176900636059995
-0.6986916744841022,0.7631042042223015
-0.6966428054542739,0.769775237441592
-0.7636286291823052,0.7409225362885126
-0.998655838791512,0.7510154219131925
-1.3449952149629871,0.7742397560983325
-0.7467720326409995,0.7453152677138729
-0.8728088427915562,0.777623969946033
-0.8617529861331301,0.7551719256936145
-2.4654350688030737,0.9951490232208008
-2.2533979704508718,0.9982541912703273
-1.6438175972652096,0.9989215269670345
-0.9700550478695275,0.9992699796269163
-0.87418879085204,0.9994612543135818
-7.705204737017772,1.000958649396798
-23.103496679043904,1.004028635067229
-22.642541647953472,1.0045450609200706
-25.95000201237615,1.0071190911820684
-29.35980508209497,1.0115136517464225
-54.360919741296314,1.0376480608246874
-73.32544283964114,1.1978113761429308
-56.01012101733263,2.061810419138812
-102.20593755119188,2.302708433959404
-158.11605666820876,2.711704372189564
-195.61859312721722,3.0027995980542155
-230.31264791557913,3.215921701947107
-243.19937618723503,3.4802556254969486
-264.3476508396374,3.6721750049631225
-264.7659301505785,3.721240799918201
-214.46559287204775,4.473536262742507
-171.11794505499458,4.2689537506841635
-134.84250620331883,3.8019471309812634
-140.29676212277812,3.843278315948634
-122.93396497939844,3.7961282777616474
-103.39854685492064,3.7093323167890735
-106.65677396701659,3.979772388060075
-97.7549470321804,3.6458066228889905
-108.41207629406512,4.308123507734026
-107.32545700704073,4.310181090462882
-79.71617923236687,3.6620836280312625
-99.86120913815293,1.1892120649485491
-93.4716330931441,1.0225383158018204
-96.94897791407209,1.0197141755589507
-119.35947608861642,1.0239147609738048
-112.87165249908846,1.0226039303694343
-138.06460934667976,1.027745378655329
-167.9728066278739,1.0343655748281153
-170.1862517384622,1.038367428463999
-230.42832917730937,1.2578226734597215
-171.9004494318956,4.62070975236406
-171.61161092583754,4.136724091814988
-204.82554700291996,4.3534005116804
-195.3697332451855,4.001931405346865
-182.3965044377995,3.823608187947143
-205.83263223318588,3.949479328661314
-167.38965662705616,3.3745447491317937
-154.5307178582001,3.459849206200415
-132.7269732133074,3.1463202113453335
-128.93071499984606,3.1085465360987325
-121.38079654274303,3.2584514457587552
-133.65603919359214,3.5298253785576637
-131.36208831593427,3.6688231759944614
-139.4170373331166,3.89299870946485
-139.8434300201159,3.786756230243778
-124.52149823428694,3.8231916504795262
-109.30858399011866,3.59244197410234
-126.11517572394065,3.770457947495436
-128.87519629813843,3.8184312053327054
-130.06902614874585,3.883454760967049
-117.25910586551134,3.805168285584944
-114.0671738087374,3.8064685535760456
-256.9127361254267,1.0800314916938012
-291.12339429499457,1.0503229860891914
-296.9427571620566,1.051548111225668
-324.47516724726717,1.0570449288424033
-334.65451144488645,1.0578216812093488
-357.1710459833701,1.0615019352626325
-384.5790858736121,1.0661495029579353
-387.2003858380906,1.1386027661546056
-271.8715833392334,2.23545129322188
-271.46839179783774,2.2382544162541205
-270.1485363243114,2.222683400239739
-152.43319819103894,4.147656591723482
-126.47224376368976,3.9307298720049046
-122.51690881369737,3.722336171862825
-120.61572077939697,3.7395613189752352
-119.76758199342153,3.6458113143102473
-121.64026876555579,3.7027840652235877
-114.4288990363626,3.492952886284846
-119.99025207007722,3.4604563703682256
-138.34771433512822,3.668659372038295
-147.14665153786325,3.819771865556849
-148.728347648385,3.9436552988558904
-145.58385383480203,4.0769124551336695
-148.5234556049801,4.103565090073332
-158.87426036925237,4.453113105151065
-164.17345413666754,4.734560141985564
-159.43722001469936,4.650174495899334
-149.59469676630636,4.640671500729244
-146.13973819492864,4.53518658955216
-145.50360751140676,4.428751786975556
-362.14191149624406,1.0903039110199348
-366.6869868708212,1.053768047080498
-299.888172076212,1.0435949335602752
-239.97804631002458,1.035388132764748
-208.9604054295656,1.0310649905873608
-189.08869744087335,1.0286788505304225
-165.11580468050988,1.025412840358234
-178.69500989377693,1.0649027261738175
-79.26736070298561,2.2613986807014084
-86.15391927983669,2.3748103898101407
-92.42140367266936,3.5768198130842768
-90.86858532704403,3.573572729634303
-79.00394609768063,3.4586734210633843
-70.37359531324867,3.1448396967507963
-59.48656126132468,2.840893689522618
-47.94084689789718,2.5770144757753575
-38.442940191863144,2.27250921355954
-33.539052986731626,2.015365209356185
-42.50155154463902,2.0149335592267255
-34.681504047740624,2.684752585043542
-56.685001704352466,3.1334319971123454
-65.79068267877128,3.268064466748459
-81.4086714594142,3.631586590794196
-132.7032275867756,4.27096693525311
-172.0285166492825,4.791306444839355
-181.48716248450427,4.826348297179055
-213.09271694156448,4.411646605267284
-211.65890207446213,4.35610732397265
-210.88772464998118,4.45750402555444
-212.55897738595968,4.480978946261298
-177.20080239500962,4.133284529833175
-177.59306245045227,4.209216490109265
-202.65760172954,4.431950749982537
-190.11265614168417,4.3557029680578365
-186.5176942626231,4.534217882597234
-189.74703633746796,4.402576906361372
-226.01562872619084,4.680035029845895
-208.58557920673076,4.40100241233614
-236.42362636021664,4.3314548355275075
-291.24629520876744,4.426189437045504
-411.99964300830595,3.8153657483656973
-482.0808989836747,4.120392920254005
-562.4617464225615,4.49528560743941
-597.9962744763124,4.682257718273547
-668.6003417399381,4.948298987754639
-698.9543515530307,5.205197776827602
-674.6613105910135,5.268874749150414
-517.1784907424011,6.681990649960233
-455.2472876746987,6.28572942962635
-390.30234096394645,5.770518706745679
-393.2242196522725,5.614123540511534
-405.86681305717684,5.49363944094022
-494.86316901240053,5.572198476059856
-514.8006074774086,5.5516412097738295
-545.5259592217467,5.567631581834409
-591.8937890847975,5.692737239017949
-658.6943707290013,5.859370786540542
-671.1693898718434,5.921068109993935
-678.226187584116,6.073253276148007
-482.3419344835096,5.254125404802781
-422.1238610364272,5.217215357023008
-399.73317724327245,5.2581489747145005
-364.4909058007543,5.0449809971745285
-335.596104076991,4.77781568894089
-302.7781732624634,4.658080513535477
-291.22182859003453,4.521332657457204
-351.8124920884385,4.960963898502338
-408.55079170102266,5.176661103758665
-459.8999717259797,5.323075433341513
-539.9605940685835,5.773607173543855
-558.7671478067778,6.030995371158279
-538.3034676536661,5.87402829646031
-497.233791890628,4.956486074117527
-503.4131519277137,4.734519338313834
-436.38730223642614,4.425589107069212
-377.53197979337483,4.021597689016744
-303.89628789116426,3.6293871541480027
-279.84219377419487,3.5459246624569314
-260.15456388029406,3.435596009562201
-274.6758090895643,4.178992415114558
-196.38744246905816,3.9522898385230905
-206.42856499333698,3.958319024672324
-185.76914387090682,3.7112418186459863
-169.9525207886666,3.5521011121038186
-136.21505190947116,3.1900575462284255
-115.6292287674712,3.0990542517594895
-108.53000222224634,3.15020592977483
-125.46424398997831,3.137776461987389
-111.65017616411565,3.087806784533689
-111.56536057215214,3.2640228133212297
-110.33323798397723,3.3260916408348313
-131.3520903389227,3.595044157150327
-145.69094587581756,3.7948137759143106
-230.99763483269243,4.945253402309425
-289.8248078774417,6.113605433683615
-338.7016103786709,6.563796438819943
-430.87746906159964,7.161272359864427
-396.73716916110817,7.0430736355393835
-398.6308855863989,6.978193218636848
-442.0237873950187,6.442815064956932
-350.09338197643854,5.602479917289606
-229.86879878726222,4.239779015448694
-196.96557847760678,3.8132032576976225
-166.15907315832138,3.37296340778088
-179.1434751193679,3.472062377441576
-178.82248013972333,3.3835463552381007
-150.09544751863046,3.225360539228018
-190.92212567924062,3.575577388666301
-253.78874647544114,4.246131098347682
-291.64417306407563,4.74680464380544
-282.5358311037925,4.717151855113448
-274.1470799854786,4.5192757025725285
-256.2444997509817,4.236504850609106
-236.21014403743254,4.2494134199176665
-189.0087629409169,3.4652359430912965
-135.34417435689892,2.8804535415544206
-92.52877633029746,2.3255887995920466
-110.94489698512291,2.1980110756685725
-105.6958940335121,2.135665901725837
-110.9685276596051,2.124605656792855
-107.88117403069215,2.0724678468302784
-99.51708095626442,2.183828401065832
-144.03355106965586,2.675177854201223
-213.16650485156376,3.5187663564683893
-259.9386785933628,4.281354037835176
-329.17849457572004,4.792058734222301
-1282.9935065380057,9.217279421170746
-1284.0090932268015,9.210901498640462
-1404.6011867494437,8.626031938063836
-1333.6119135749275,8.451956005207748
-1307.2757534482193,8.29370413615833
-1314.982444801931,8.428629977345109
-1813.6521981475664,9.326453637279954
-1176.4888161025056,7.353487099969666
-1168.8662543083894,7.29491216866271
-1096.7297999519544,7.336967440845709
-1069.366168369799,7.4665385176927535
-1029.6403568528654,7.210249397130246
-995.6761616125997,6.991993172562582
-543.6077677028889,5.874895805277205
-181.6986259381931,3.9997142202985385
-193.77203097060746,3.958768272402747
-196.61853088955277,3.9511309985191523
-198.94640248167806,3.6536936529747654
-186.6262991616482,3.5766461551328725
-193.1198290936505,3.501311226942814
-190.66641244558406,3.451253461221528
-176.4801883269009,3.292361899403916
-170.08734509133714,3.336444580076879
-168.31695828441477,3.3826017817031038
-167.119668992337,3.6076020493650423
-170.02303455023846,3.610997840597927
-215.0746960010772,3.8854297880992252
-275.7719045502967,4.432125536933944
-321.5565392100364,4.810303597270272
-351.3676254384647,5.142830341373425
-356.7302547074351,5.15097977388521
-358.10572931111165,4.911636046704629
-444.98866226320865,5.601021528710618
-383.6578086606278,5.302685048283005
-305.91944763275563,4.791241450013995
-281.2451751512158,4.556996906553847
-251.59870232204918,4.243644304262831
-227.98399434618076,3.906548070670772
-206.2217441427159,3.953884046891004
-275.1611361302546,4.981587423078394
-306.67187691708756,5.178279394195706
-306.8459236896017,5.0716743881673665
-277.8875583918665,5.006420372063926
-262.2212214327366,4.793162550922411
-258.2809203500775,4.56878290004049
-261.9662576996302,4.2081466419714495
-194.68277740428599,3.409577115519666
-164.77004825234215,3.198597947050469
-153.10056209207107,3.10322969828801
-147.26150221812586,2.9450016747231897
-149.33404596380268,2.9570797615979125
-157.08172417924166,2.941166557517777
-174.79812119158788,3.275895257744244
-139.2846282456548,2.734343736634432
-168.1121412857973,2.899849010150126
-205.37532768345068,3.259472042856827
-231.55872977586645,3.541977587511555
-257.4377237189079,3.8691027789483194
-307.5945545021218,4.426477351624197
-370.4567512437654,4.540760316274321
-364.89305033445544,4.645649902387918
-342.86143575576125,4.208373283737443
-347.709075099794,4.054961806546021
-346.3528874403881,3.958996536868455
-359.296913108613,3.9457923687161602
-349.7321493535027,3.936139829107476
-348.62889586639034,4.23210944973262
-321.1174616586894,4.194584153203222
-311.60028130599386,4.269392962875927
-291.1545926766372,4.190193507965142
-267.70519765041945,3.8936088833053324
-232.45526798648135,3.635087415867461
-199.23502346372177,2.9921131617298338
-89.0467417361652,1.9209472421700864
-121.83061074484824,2.0905309724849492
-176.91820469132773,2.5232746317544903
-240.6256494527006,3.006540436022705
-237.03367377182306,2.9973075345304943
-217.05296621726876,2.85909693502465
-201.17565379661715,3.0333611619729215
-209.74558674951513,3.246454875169153
-171.64399028813207,3.0678274812238775
-136.36010051221652,2.7966343761506973
-148.85475851416987,3.105747509113603
-160.1800979275375,3.3391452671144486
-200.9970707764589,3.830147999680747
-199.33604929475987,3.895238221611092
-175.1487148248695,3.6109752876834507
-177.75371741565266,3.5174668754210328
-155.49940455009107,3.1725268546546137
-121.22555809102123,2.903862386703952
-96.39949336410423,2.5787162437394007
-95.8847886856854,2.5000045864529805
-108.66989230181846,2.6269998203834537
-149.81953078171074,3.2080361625855023
-146.82746504806727,3.1069423990468317
-133.0336044560666,2.954814121523797
-120.78948670011016,2.7307042693401065
-125.56712392631842,2.7152186801019718
-125.18549619528552,2.6589939474268443
-128.22380915462256,2.534932785956957
-72.29031696985162,1.5115447751688942
-67.79575513313215,1.3812219814013664
-73.23744852037245,1.4257895299930783
-76.05932901254334,1.4479024918471666
-84.06703115868895,1.467822574761437
-75.2640723103631,1.412324689379651
-65.93997975516513,1.372035320961442
-42.02133986332072,1.5136086215905586
-26.048198426270183,1.6585228330821615
-16.346796318947458,1.6132577408854616
30.395841312816952,1.2266192129125122
30.001006488079845,1.1998031368088022
25.088842509358912,1.2583216063882416
15.863318428777426,1.3486735968649224
-5.244941082596926,1.320755085086614
-1.6552208432306266,1.3629907184464283
-1.9002139017651565,1.3786911662295211
-127.20349968739214,2.6847474170777583
-153.4848840912804,2.7820622279983804
-191.93074335212688,3.180611223101838
-176.04248275841084,2.878780251278085
-188.94018936628893,2.916063776132619
-200.28277259798904,2.9497842215967123
-208.43071133424957,2.8991646215817455
-208.22191999074374,2.808187602455347
-206.30498470946998,2.781833753987287
-181.14242709641044,2.499423255248665
-183.54435726311098,2.5904024271528074
-146.52888359406748,2.1995830864470127
-160.07099835343817,2.2692612372515155
-334.46284262075255,3.1474061948690983
-471.79835760609956,3.8586961435394946
-506.41372719247937,4.21382584664886
-540.7802338868178,4.474811848217736
-193.23488117598473,2.4806130814333445
-202.4806778094309,2.65481665744972
-198.39212266799154,2.592035095245343
-103.92171891278917,2.1951098585875988
-44.33371522600744,1.862653173895912
-33.50012384270361,1.712717525559379
-23.61273022035201,1.6191165137174237
-185.84327519267296,3.1143617789340805
-192.92173939971968,3.1479939230958514
-210.38920606256607,3.376544728483355
-195.71343182515892,3.372409083297838
-196.41199962753777,3.2924923785127618
-188.44288633868422,3.2579921328198784
-54.10925111340191,1.6776471093984673
-49.31052567066315,1.7555735526925982
-19.063266250339282,1.7570960181763056
-12.703144637230485,1.7457940705833424
-6.856225646511285,1.6992400864117623
-9.085001935825657,1.6895424131841328
-3.0332882586354777,1.6526227514614649
-135.07282211870077,2.7867680799121395
-133.98830365615007,2.754204891253855
-127.32199611302921,2.486896747575527
-128.04027998259423,2.549532465008798
-139.57340501401836,2.575803103899393
-137.03320951824278,2.567068864394654
-144.59493102914269,2.608290694826985
-136.63914368414103,2.6202956710093943
-125.34272102799,2.4865110699333743
-136.98611416141372,2.8018078340307975
-151.66896305377517,2.8972593360374743
-146.9822236414661,2.9500314470642723
-139.96100307681232,2.8962390054652314
-132.09483565889747,2.817253945561746
-138.2990486223611,2.9075058523483372
-164.7520425871175,3.097239174803349
-150.78850533283264,2.7705214950667214
-134.7615904888336,2.5696546538991014
-140.06650416904864,2.538878661041564
-138.24036494514436,2.498191108013439
-245.09943328472357,2.497323811239181
-240.36448087535413,2.408072161705594
-205.2751693923897,2.1850602805556583
-225.7927690681054,2.358271835440897
-201.49294959908246,2.2703689246626038
-196.63992986274053,2.3030975459535155
-200.63515394187993,2.269048032038639
-107.23452889022715,2.16267610449891
-108.23734607536417,2.133869559154927
-78.50972474842476,2.01929700512551
-58.558707227652576,1.7403060095610348
-55.98953727579223,1.7104417665337668
28.19587823907388,1.171958355913615
39.106560097928856,1.1026851820052765
43.71679439387602,1.113909946473887
42.35811916397109,1.1113155284109337
33.48214154565866,1.106899152963745
40.353528663475785,1.1365437119903639
52.77384067194933,1.1520425207260252
36.747548174250674,1.2622571808816148
-133.49293429950907,2.479338008940762
-136.81311350802662,2.473755503525805
-129.87530913153284,2.425875653103033
41.266201026137296,1.1092240235702184
49.07437232448383,1.0731819959828517
31.477193574095246,1.086449079066022
31.196490083139317,1.0881406974954
33.81501145097276,1.0877873328730043
42.1594098068066,1.0969381607935758
32.48327067644336,1.0469808768001825
15.984488497851624,1.0791660800298122
1.7436228437798929,1.1112816708247804
2.4943952234856925,1.1128347077218896
-0.9318050558417484,1.1144598251768945
2.827898341239831,1.1173723999171588
-5.789895615763286,1.1146064773898996
-198.37622241792965,2.5377128575920045
-208.00789335472126,2.6285048235733113
-168.84056311306983,2.3348089371868572
-161.4535632845374,2.315063963835207
-175.64312885180547,2.345760485438071
-191.77783973100597,2.405941675867819
-197.55444464469107,2.4783217311242125
-205.70843359280573,2.469462708843536
-229.1159726520478,2.36805293098508
-245.10791564559253,2.453811727108268
-253.8199552295218,2.430393081484026
-247.54356868138794,2.4148178508662226
-226.73562598710495,2.3859630422384295
-231.6274260197822,2.3941446871692227
-225.55398058350977,2.3564691584569406
-194.96586439742947,2.3871016103560008
-195.31562221113634,2.1503843861720293
-186.72881572346918,2.0340811113294355
-193.84683618440042,2.013463157059848
-223.03351163379236,2.028647907324298
-223.22363642240128,2.0459882856711804
-178.77073632509052,2.022147023328544
-176.1279328119036,2.0102176964001717
-191.39850425598115,2.0281548184687495
-222.71594128933526,2.050811045851631
-214.44418919199873,2.035669155810068
-190.02854863590264,2.0284879561114306
-195.1450563184746,2.0222579024328637
-145.3773866021022,1.7135837808731211
-206.69656435831345,1.7267327331388518
-192.60437698422805,1.687601003551261
-228.64699262859924,1.7424908232490015
-276.2015855564853,1.752717159647633
-340.4741281327399,1.8234489845656692
-388.81223338549347,1.868527100334728
-595.2467631389775,2.445347858987839
-787.9669382280186,2.6262019870920708
-899.437446949729,2.674066856180951
-942.2385084044872,2.6891395020771593
-552.6453986869604,1.6554219724475003
-436.49923937621855,1.4690664236269257
-416.22688036114624,1.4536435765776607
-385.10920665449976,1.4206407651264585
-250.06857791998894,1.3243819637579513
-201.4178983523991,1.284428586547437
-149.19184587942007,1.2540268018282341
-271.49114833851144,1.540149266556158
-444.9133573035519,2.1737338448399117
-462.12456670793875,2.258018948650249
-527.0312616385881,2.344009051594647
-513.2676021950945,2.3141672317816715
-533.4564560035874,2.3759506935664967
-497.2057518046552,2.3485036045103462
-495.77115881098064,2.3154417812131323
-476.45280661244084,2.2745403925413115
-463.84105755847656,2.234592511038466
-433.964110891805,2.175116219862092
-452.00348335968397,2.122744598021517
-438.7986372565658,2.086335698263582
-455.09491738758476,2.1049723293302236
-494.5294109138368,2.143448291056933
-512.2607876414185,2.1887540149279476
-530.0688127537354,2.2003362178517945
-475.14593117378047,2.08651609407198
-506.4748734447562,2.216970646467204
-557.4438062969253,2.2849993134623277
-562.5289389628748,2.2913593058943484
-537.8457840631387,2.2174051433612045
-509.41395134837074,2.1623785422507726
-496.0810781679585,2.141581372010315
-476.93229187923794,2.0606154119468196
-494.4350728618732,2.140850618416651
-381.63091937469994,1.974271285527899
-357.7053635058352,1.957107086724501
-378.48165395645583,1.966099792438529
-394.54637149122584,1.9815090499224222
-385.2759163492851,1.9732057487325543
-355.7872940512167,1.9383405982290531
-311.0786113805363,1.8290482513635562
-375.8521188025564,1.952282245041268
-419.41959186411475,1.9968387703439012
-393.9851833851147,1.9620860324621265
-371.72331840957844,1.9401739467929213
-379.47103212196646,1.9205201245563204
-382.0072340790356,1.861963376129764
-430.5079318813059,1.945469226656334
-473.34849047675226,2.0476403964636947
-470.49879381941804,2.0775858079307987
-482.54621985070764,2.0911576304336275
-518.4164497039694,2.118133076516704
-527.8606124509388,2.172659981244667
-618.1245073936788,2.1775852488449354
-683.6981336165713,2.1597677070579557
-750.3040939871587,2.176633180313215
-774.4029911469582,2.187318276012352
-800.139833843116,2.200579882971677
-785.3478744280832,2.2091208728258303
-773.2883781642126,2.1809526667437686
-691.5889578814721,2.1794785017326275
-576.5510438138242,2.121346607056222
-452.49075902107796,2.010993282980306
-376.9018184914763,1.91500166890971
-300.5177917362814,1.806306346939057
-263.47360564526105,1.773653670284756
-383.6981656522648,1.971497411473887
-355.4504472741628,1.9307722385693384
-359.86784921214036,1.8645842833707544
-391.98414544679224,1.8249855501962011
-442.8785660671583,1.8274254984548888
-826.8556480450214,2.0895145008122755
-942.9476178207465,2.2079582350637894
-1084.8099535687509,2.4154789696693566
-1193.8193354507312,2.506751543612519
-1239.845484461299,2.565509057230607
-1200.8440963716196,2.5074491192820925
-1146.713418542192,2.4839936785341323
-749.2494905005282,2.1166903652759714
-723.4838668018726,2.128666646936921
-661.6182413784101,2.062550027112877
-612.083602776952,1.9597110183137678
-531.2577165942838,1.8413682527172404
-516.4654921077831,1.776172605562208
-500.67586620294315,1.7213883202799602
-462.048514315321,1.6647640492648337
-435.5977747846868,1.6220500978950347
-628.0904535276907,1.9923605703052714
-653.9307865754608,2.0195656835944082
-625.420786498809,1.976322475771945
-541.3970471720049,1.8439651669021093
-492.59448130681733,1.7800832130804294
-771.1598882421027,1.9928127863615193
-1044.31737957415,2.1826174982766617
-1457.2122637652956,2.5847074361284763
-1520.0645797656457,2.668943523519257
-1646.8629766524916,2.7852152565819357
-1823.2274318831064,2.893975782654387
-1823.413281895741,2.862343581686149
-1421.220379099462,2.589020306192916
-1205.4307740851943,2.4819411822687787
-1024.009287507043,2.3759038127777012
-954.1726912246828,2.303802217220699
-965.4364519200387,2.34212650050066
-888.2066958306622,2.3171083554590615
-883.8865815271662,2.243502169228717
-849.5642980975641,2.2055420333975215
-836.4471277257859,2.1912835483293716
-691.0923285000549,2.0455759572194707
-625.4508537721206,1.9626489697117213
-609.353810971917,1.9563256828648479
-706.9237514995268,2.0970984893489226
-753.5688909828439,2.1926403058837987
-809.7736489572734,2.295674672829889
-784.1815402080847,2.271427600963024
-784.4914689089388,2.2673623339752123
-764.1769671782299,2.245561925640453
-729.144311538145,2.1962486645381847
-724.2123274530494,2.203321621144218
-754.440526486663,2.2751335790164386
-683.7173369873472,2.1924524358256217
-723.7618504962869,2.2566828426790906
-753.508688026556,2.253393639516463
-720.482533874154,2.228629392882778
-762.4803660759594,2.309252393780449
-791.7192132339616,2.3378477915146147
-787.7400578960384,2.295260629896358
-723.0973389054883,2.249134048121065
-693.5124921713839,2.249953820697698
-746.9596299763299,2.3768723310102566
-833.3448496706761,2.444609977699284
-779.5316277519026,2.4205627968790284
-761.3389994669081,2.420584753547986
-748.3850972472565,2.4335803885460217
-791.8679164920215,2.424501722752444
-793.6540101873751,2.3855139481163943
-747.2826839923191,2.3645739680782367
-698.2693609809486,2.332043659567733
-663.289238456635,2.3079890234326625
-651.8035500170322,2.2735429361426984
-590.7886844682505,2.224307355406183
-584.0404506385468,2.230840246691352
-603.6502159237064,2.252258121943896
-665.0425091791162,2.31074326940424
-612.5869611872944,2.2964153453451472
-605.3449581405702,2.308732395636429
-570.357401626061,2.2975562671682597
-571.0875286499438,2.280220854692529
-528.4180845284221,2.266396197358707
-532.4134641551533,2.2956001012387413
-495.2000015601119,2.2951031480240656
-530.8301557700117,2.274746353283213
-537.4032517949823,2.261117715393265
-511.06686716458125,2.2322436911861323
-494.40783532494515,2.2308051686005905
-454.56842200440707,2.2034752020612505
-431.9448699859533,2.1731304470835133
-462.25465907848536,2.2334766416409293
-433.14838057794697,2.2466474717745926
-464.3275242918735,2.27456943862665
-449.19150777426535,2.303464911547345
-464.3903951552928,2.291596528560385
-512.7437671430678,2.3017364926067763
-593.3396273948132,2.32471988871603
-613.3782128823162,2.23643725528805
-635.2539765368871,2.204212625192866
-663.780849868607,2.1860528056101365
-753.4830150351612,2.1953751077312966
-795.1788108976184,2.2424731011178105
-775.6518474144076,2.2364581525834692
-697.6977084050026,2.1934697802500875
-673.0429720409671,2.21600487340623
-653.7123744588013,2.190134427457668
-643.7510983203939,2.2163257251243054
-605.6007199117237,2.2449240828682533
-580.7749831225635,2.1784173398000166
-568.355949278494,2.1876569419499177
-555.6636012549294,2.1750058934103498
-499.20107400814646,2.153010683011978
-490.92064674562477,2.149731126892624
-473.34508996887536,2.1058451501630158
-466.36479064913055,2.073393086662134
-426.28912441429094,2.048109942169676
-424.6520662846671,2.004976117965731
-446.16323219291604,1.9703825176865328
-459.2345251154187,1.9532348781374853
-453.3531842478691,1.9361258768343086
-447.3202924255664,1.9474335496868238
-453.0918651063876,1.9641201732745182
-471.3657566481712,1.929342398531442
-487.10794476969977,1.9575647768085696
-503.11617361267326,1.9420806891455928
-523.190678877563,1.9465036727242708
-597.6568269899349,1.9999431479990908
-613.4317500758597,2.0041856849541504
-593.1308719930277,1.9611378964508168
-565.3591377827152,1.9597211055850106
-576.6426878561368,1.9509543828182179
-562.8038351614525,1.9401488952066634
-543.0107253583078,1.930240854065529
-446.88414606510685,1.8064284896721068
-428.87033299125153,1.7834331710124247
-439.8472116784225,1.8047645350905832
-459.0759276106282,1.8224580280649927
-446.29211441482636,1.8141297099779194
-680.3450272681504,2.0094406018990516
-674.0971151894387,1.9926739916384442
-759.9878203762321,2.0614403186770143
-793.8754586751012,2.1041463834193186
-872.5935390200735,2.141846559775308
-882.2637032234982,2.0978969461680332
-953.3725372944155,2.1267661334984074
-764.5562223581057,1.9707384403446602
-755.9459589940438,1.9163999787896977
-701.845427974682,1.8562548718409437
-689.503762628567,1.8642497681018826
-654.2934758240452,1.860218534534864
-621.1216587979231,1.8255454173351604
-526.3212944055339,1.7680806825521176
-505.8854810226586,1.7611081133406308
-530.7934415566832,1.8000287062065339
-500.38204075336915,1.7764298058374393
-511.0752167352241,1.771372661143132
-529.0433199148293,1.7830059589370237
-511.8909530740543,1.77253194453841
-500.1814864374978,1.7803040923622058
-475.8679759643329,1.7775697893160123
-417.41878803825864,1.7373241259623426
-375.20687409778213,1.7146871796863554
-343.48997598200924,1.7029462163439355
-342.7667127987165,1.7583028001352243
-350.7043865720364,1.7547375986932412
-390.089463043498,1.7467747258890844
-432.19811215340803,1.7464409159381387
-483.80289500223256,1.7677173974006613
-509.57199448122515,1.7535794403024036
-526.9195196652475,1.7139512200275595
-522.74622253683,1.6406935426178104
-503.1693324219992,1.5899732903512693
-480.57215445077543,1.5327093740609588
-441.567034528849,1.4881466233086111
-364.8388690422251,1.398985183017359
-356.43293938076755,1.3886481545561908
-338.9154100351975,1.3719252867937333
-337.2012555201244,1.3824796265093402
-389.5851298037333,1.438733104744918
-428.3240549561471,1.4655776764655086
-438.0413693493323,1.4494491537879244
-544.3423417110902,1.5545139165036133
-556.4431110695485,1.575773683952991
-484.1665252975848,1.535951333091921
-533.8067957612108,1.547841980092889
-626.5851748602781,1.579146091361008
-689.4004502795083,1.5946497480814292
-683.9105808236235,1.5559125473869961
-687.1977474485395,1.5486377895429688
-1252.59468512098,1.6612672237956567
-1524.879028139513,1.698904702590963
-1694.1875784243298,1.7173593419220343
-1706.8212049486663,1.7005984560132965
-1775.5364967919556,1.7479023966072513
-1921.2230270250172,1.8405042930522117
-1964.2583252651918,1.8493808801764502
-1314.9785493879315,1.6801371122842064
-1114.5052487456667,1.623517529903666
-915.626187076646,1.5542840494337264
-813.390893167456,1.520253254679593
-751.7337853189496,1.5240832651779923
-796.5676338157954,1.6502608687442195
-742.5446201594325,1.6406761664343863
-686.7264231943622,1.625062700831177
-668.5739079684797,1.6243327394160867
-620.5773248180268,1.6139565308146724
-657.6339639469869,1.616138730510025
-728.7601156543951,1.6290492557200547
-794.2863295739958,1.6324333296532674
-855.1575876480002,1.6525573816442334
-792.5267373773428,1.9470916477564677
-782.9851307177279,2.009716692424922
-765.4185302145428,2.0353214886235245
-709.123375284579,1.9874338568302288
-752.2093153892033,1.946787007639693
-757.9587127281765,1.942643309690268
-889.6842944906009,2.0057283844272584
-852.2286764485681,1.752538639089056
-898.5120897372298,1.7172037412134897
-945.6165250624551,1.71915209871198
-946.336081444482,1.7039776070286576
-1033.1829500655126,1.7084084370027017
-1024.223171358858,1.687464823687766
-936.9937777576249,1.6580444749425876
-1091.082284454398,1.6554331852592417
-1122.8073925683668,1.6460539009731154
-1161.6787596368986,1.606514003067771
-1259.0138771657134,1.7181156170683627
-1110.2051879329997,1.6984331434774536
-1094.6268973468736,1.7285043663292743
-1087.928855154377,1.7533512051637263
-976.7221223294354,1.7081852129148307
-884.5526073466475,1.6886264230107408
-871.210489748962,1.694142266241596
-834.2382376323986,1.6914669718836348
-804.9437806241226,1.6848171583698703
-848.2939508185618,1.7263842104197602
-814.2851412493162,1.7048281644669399
-771.7950044177201,1.6847827796438533
-723.0604247494703,1.6871535625228293
-675.342704276573,1.6513722659291306
-669.9656024290442,1.6287528505733397
-663.9092902128288,1.595189538255721
-662.4699510772746,1.5969728725924768
-666.1663255236706,1.5958727306721898
-715.3336528260638,1.5784102054578255
-674.7699624855136,1.51011968398719
-637.4680027988061,1.5485008662319615
-646.4833215297404,1.5855467761242419
-709.6576897580696,1.6297172809695009
-657.1940911304783,1.6242452036741535
-638.7184321514549,1.6316349647537434
-580.4853129990909,1.6160482068245288
-537.9587215936696,1.601366303364419
-578.0418285369373,1.5943233324134654
-532.2485403024062,1.5666080193484886
-433.2635161212825,1.4795028778573924
-427.30783626259546,1.4701142705886492
-421.52943060734685,1.465457935229994
-405.87852906171156,1.4446895792693712
-409.35462678157893,1.4631499030194244
-426.670123424373,1.5226876756532166
-449.6725950157524,1.5242530574213835
-429.5436257113958,1.5260863349531155
-406.23820745586676,1.5152936907245915
-395.23835303751076,1.5289420128452633
-366.4092923692181,1.5222898865066978
-349.9336833434732,1.5089906536414073
-295.2012795343157,1.451295740872491
-329.94996828415196,1.5149324247140734
-341.0745194418052,1.5588375937974515
-335.93514578993864,1.5474153666519093
-328.0842931962432,1.5504194644356146
-310.6852057315575,1.5450523863221144
-267.7462873894078,1.5074134285910932
-352.65709205325953,1.5589392579216748
-354.56555555735565,1.6454669894363543
-375.52751599165003,1.6642303884181995
-394.2731493421131,1.7080360646085766
-400.73166269459927,1.751741001588212
-435.36542938393075,1.7907853067040145
-459.98630493469506,1.8073152499490257
-343.44290675518636,1.6553100001999246
-345.33898924800224,1.5675447481212945
-350.2529982217023,1.5283134951500934
-354.41854390591254,1.5591614136919798
-350.6548372940267,1.5475826085717395
-338.42888991228983,1.5392318878930942
-316.5040220152731,1.5232459684133666
-275.7049001282494,1.5134637434057174
-309.44056249712906,1.5724621611017728
-302.6928192066862,1.5968387262828294
-309.48831455559497,1.6181226739466528
-317.03482977610383,1.6101258504368057
-312.45875151144963,1.5762409181481811
-316.4434363355081,1.5852066234594255
-346.97138532938226,1.5767868815233104
-332.5606527071794,1.5411885672509704
-324.33356339314327,1.5393540313910112
-348.3169736939702,1.5912873482045442
-342.0625303173141,1.600419022788724
-313.25738473954334,1.6048423318569107
-312.878648320045,1.6277624399583108
-325.1722574278789,1.640312665769121
-289.47317451894844,1.6756308568825853
-276.0180401964263,1.6708587937009929
-262.09141654033647,1.6741528230831406
-258.6858931905532,1.6827885774804263
-264.88038287386803,1.6812610990570613
-271.11457753165064,1.7026938883868044
-261.51930432304647,1.7291260009688088
-287.8720869851211,1.6950033115780212
-304.41852082086126,1.7410844152116647
-300.15157898432994,1.7191522690884622
-310.6572206800239,1.7513158933704702
-312.8489957811008,1.6744713758628826
-326.4230079069018,1.6685032410162004
-378.54143877770815,1.487488828799554
-357.3972629905821,1.466937528863455
-353.7941674818632,1.4774029835471
-350.33621843074076,1.4816318217542226
-341.5241025210881,1.4589158686017807
-309.37172183203245,1.474630713874109
-325.71029658548775,1.4887430073543273
-241.1813249921062,1.6171486059751692
-260.788630600839,1.6257880160505742
-275.3698156614548,1.6428294348311412
-300.6890965663961,1.680523897229813
-328.24842243244575,1.7201486760045526
-386.7614241707431,1.8109036704792778
-381.99138021396857,1.795898979313783
-393.66354396091475,1.836525920006812
-380.33349670153945,1.8373187233504826
-387.7461216328848,1.8393623513780888
-381.2988753094954,1.8622518625890299
-358.3546291117449,1.8548797445352299
-334.7221193449684,1.801214159773692
-304.19236976102064,1.7828777526436261
-304.9035828763801,1.787922314964906
-299.59725056883667,1.7857062243086532
-279.60481976254715,1.7517514124509084
-285.0460849861306,1.75814645113323
-267.2780456811724,1.7534317261861354
-279.8116444184957,1.7614085427106165
-282.6337542550496,1.767699383563691
-272.01030559171323,1.7612592073662219
-292.50529578828565,1.7804844609230386
-289.64987962429126,1.7816013302485638
-280.5707147525771,1.7537855776396116
-297.87202175904565,1.75559291591378
-295.40568549867737,1.7216080816316457
-293.8533263928425,1.7354695311135218
-265.20017402900885,1.7613129515474035
-325.93993560792177,1.8553685432743654
-326.13406476074175,1.8539083325233998
-308.23666045074305,1.8534331740421683
-297.71728739626985,1.8519426264375134
-283.3368834858365,1.9094961641328017
-295.3013921998884,1.891524465054366
-321.3644839643948,1.812189149010188
-262.79039057350815,1.7027215592949398
-266.8380898045335,1.6941399940635256
-264.1421682308976,1.6617029428934753
-257.43249839794356,1.6411468687237143
-261.07454189085973,1.651750593431932
-251.15783639799952,1.6614581027623596
-245.90376959528157,1.6537292210903862
-242.3748084810131,1.641936449258561
-240.62484391967294,1.636992687570492
-241.9584466171109,1.6517171083713709
-228.7120227190723,1.6544989624480624
-213.68595609908425,1.6255291431521859
-221.0012432328349,1.6215204951027526
-205.04063671309007,1.6028025579878036
-179.5678762060589,1.56764458629942
-152.98690276047068,1.5362405770145244
-137.77185241078269,1.506584896475086
-134.15974589141697,1.4960556911288199
-126.49551766669317,1.5475497562954221
-120.77883293031987,1.5578497302474554
-145.95388723516066,1.5753613139593396
-187.0959916608837,1.6272468633097106
-200.4946109491065,1.6184709957509058
-200.10579217619815,1.6012710001601733
-204.70067488619196,1.6084573554309152
-240.38108309991185,1.6058495886494255
-254.41516032823088,1.6109632207844649
-256.1318322867223,1.6249390779133492
-229.90011751915029,1.5820356865516811
-219.26307101083108,1.586607514193524
-217.29318842029036,1.5923537713934646
-226.05042394517224,1.587442340710506
-226.90527451116344,1.5946173965300414
-210.91450598371787,1.569128882813683
-203.38620940643582,1.5620934979103882
-208.7247354609884,1.5820111125155527
-254.39057513969,1.6442564940033089
-251.80025539652334,1.6547405706849139
-228.7467110115385,1.6322750102235382
-213.65239677921588,1.6404085346317978
-217.90576523167869,1.65358771440932
-221.62868715248896,1.686296895767028
-225.29316854069316,1.6821451538041399
-197.10780902105716,1.6365984583554114
-189.20286468440673,1.645196267261198
-227.53775751024753,1.6579244559214392
-235.28451976810715,1.6440091839995952
-221.22476354348663,1.6256739372044677
-214.85369281474533,1.595483957479395
-197.9021794278611,1.5661174531388735
-195.70166528189787,1.5646008483322311
-201.58048171515975,1.5286890897005017
-186.08535856036073,1.544515714397995
-167.86665117506422,1.502653486552516
-141.983273056576,1.4216555466061298
-129.841555169169,1.357626823743974
-118.25559295909105,1.3013499947957756
-111.28237613685471,1.275102372021001
-141.13760325125733,1.3439226467045329
-163.04063185720904,1.3814346803312494
-200.67201679258716,1.57078901033152
-190.68311456807075,1.5144882070801287
-152.1686201196936,1.4375979730060544
-155.91847846365326,1.4122744936051916
-142.95391418834737,1.3971162615558002
-135.7286802774393,1.3948450119512392
-138.41320115089715,1.4100675550452317
-158.97083898561664,1.4985483115893166
-165.9268391407266,1.5214432203375068
-170.4377225432263,1.5151682693441353
-157.53490355781886,1.538685352652056
-162.4815713207723,1.5438162071705643
-166.10321299118385,1.5472797564145226
-159.89996001101775,1.5559907206633792
-150.4805441481566,1.5470458250934989
-135.35057005724917,1.502433489086364
-135.79595089719928,1.4723901790493523
-177.32288512457737,1.5294822781289699
-199.0482416833809,1.5483435134877297
-217.49922271916822,1.548074080367625
-228.07527656559364,1.5766270068059975
-254.30370516083818,1.5955975628818337
-638.3960981581397,2.0234225606895575
-2626.137528301711,4.09829188109779
-2971.8142210384744,3.8179358139426287
-3650.0099134686275,3.409913547593613
-4017.834391825878,3.239261461320999
-4393.271475131027,3.0761899045817356
-4843.388855740512,2.9116261813647974
-4749.869752660604,2.829386460379302
-1850.0955853698426,1.8398991301158794
-1742.5376472061132,1.812687094149378
-1560.6247118685178,1.7757421689741455
-1733.699393479588,1.7917928896962079
-1921.9720554017208,1.8350816362628914
-2067.340605873413,1.832068290197649
-2266.4546742696575,1.8675696163098672
-3066.5626080015695,1.9286200236838686
-3708.9504824993373,1.9342655398863944
-4163.626630183886,1.9695260189909667
-4259.130953030381,1.9452346439309678
-5024.576817417002,1.9352993341185214
-5464.4752313840845,1.9423893301500783
-6476.707829606822,1.955189302772909
-6817.105475837509,1.8839934862044434
-6737.832863863525,1.826777181934472
-6959.303622201307,1.8137866175369255
-7134.487219803501,1.8052901089903002
-6163.037351871031,1.7350958865188366
-5648.211828360357,1.6963129093983815
-5041.502992574764,1.6736887749741558
-4471.20778499797,1.6992747830418746
-3821.6768764912076,1.655537516284754
-3380.4969405986517,1.604388378870612
-2998.7874724454696,1.5609987557118412
-2828.2891784802196,1.5523810444894228
-2599.194308224192,1.5349009683089214
-2472.5121144561886,1.5161598954019824
-3185.8566369938053,1.65794261894268
-3476.8038472740545,1.7338235773795034
-2972.497727812466,1.668062960841378
-2492.1292708547244,1.6024434227610795
-2708.658483987526,1.6453968226851594
-2526.1187523133,1.616737029395198
-2326.2984168941293,1.5810420251681008
-3031.180867326492,1.7450326790594393
-2730.695060545724,1.7042680392607643
-2422.2074482324138,1.648134484453885
-2283.647460148649,1.6196171251261977
-2326.7469353129754,1.6567867627082171
-2213.6041259951853,1.6380374071837769
-2152.8104031228836,1.6465524403638765
-2594.526287941012,1.775563563338389
-2553.2495753471167,1.7522631083713682
-2929.9006643815546,1.7728742325581208
-3046.9731424774814,1.7790681472052712
-3180.4855491527014,1.7786603718787024
-3256.274042687898,1.7711913478628676
-3364.440819719748,1.7814942735681556
-3339.824012455674,1.7921888835896003
-3245.8802939647953,1.7833426132825871
-2893.7885005123467,1.755314670703403
-2760.4832924195302,1.7535781165430646
-2623.3045410817153,1.7554722234826226
-2450.441656468841,1.7414486352266723
-2356.668906943093,1.7214469573225453
-2364.6637636480436,1.7176624637496425
-2406.898420705675,1.7382194194699696
-2253.7592761402375,1.7226777242848086
-2225.5829928173916,1.7232406881144475
-2090.8872066289478,1.7141840816595437
-1955.7982802336462,1.7095410104604534
-1842.7744963165358,1.7121807749661984
-1813.6830431764126,1.7236954244141607
-1791.5578637851474,1.723142127495546
-1721.2530215490408,1.713662386056565
-1678.2984926249337,1.7192042778256498
-1703.5137084548949,1.7239739304735286
-1729.7733192699568,1.7302102233944223
-1690.8374242442746,1.7236679864709188
-1654.4184002837058,1.7139136235308956
-1616.7907080593056,1.7028271135111157
-1603.2786161444417,1.711907405312192
-1568.5965491667398,1.6961071768552274
-1569.1262090152156,1.701957965911132
-1518.2466787356443,1.6955044720578896
-1489.7264214093539,1.6938605086407417
-1472.553009480494,1.6999422591030569
-1388.1469307806951,1.7058041503167949
-1397.360738969452,1.6989135983216437
-1421.0470851809446,1.7278337605720349
-1375.2260504244823,1.7194559465878112
-1387.9517602250965,1.715220017545222
-1398.7410419917242,1.7151183737571183
-1359.6886094015906,1.721208384292946
-1362.4685064891369,1.715636161859349
-1347.0806743195017,1.7055603336159657
-1376.4751416605834,1.7039355014743522
-1468.1712023745586,1.7193720344995447
-1621.4660433145552,1.7450751965579623
-1731.2874253676805,1.7460557376991073
-1889.8503998551764,1.7657886579594193
-2058.9676546428914,1.7691561378696103
-2191.4155748775856,1.7819878156266662
-2261.7757007930823,1.7875589234907836
-2442.659134430575,1.8243462564532436
-2484.9762717180856,1.8350094026765988
-2643.5960514607414,1.8679244197763636
-2672.2718899767524,1.8852399292457522
-2702.082742131328,1.9038756444496783
-2652.2097438671226,1.9151851135628346
-2598.13950011522,1.9132027252343282
-2369.85731802653,1.878225547074896
-2300.473499733897,1.8731395751268425
-2166.287454665499,1.8700043454944908
-2109.607369130196,1.8672037297941215
-2000.7951821601566,1.8538680791439106
-1990.8851752205023,1.8381215019119141
-2036.2816295869334,1.8404812220212345
-2083.6778214549117,1.8494714853262713
-2124.285367676895,1.845876804350142
-2269.8735572810533,1.8594974565124591
-2462.874109930834,1.8918884230365527
-2503.458905209592,1.8923087219156143
-2530.14137603692,1.8943926323293079
-2515.236692110302,1.9068348158179245
-2505.92087075553,1.9190495503022482
-2463.4919662250377,1.9279909644039426
-2270.4282181540298,1.9181086101640825
-2125.3070186192476,1.8948265786357599
-2078.9356817443677,1.8844070338402497
-2000.0077159956138,1.8696784794044665
-1948.6920581281859,1.850404330419773
-1844.8350935959388,1.818830469415929
-1796.7688199739348,1.8169599100431326
-1767.082606171714,1.80808482730035
-1699.6406127692503,1.814904895168599
-1695.4989676035666,1.8339422275899049
-1663.6921846361986,1.831132903934436
-1584.159056261754,1.8262528546409316
-1617.9440117227005,1.822530497380584
-1615.275736850369,1.8287775422806718
-1576.902173630192,1.810880451674808
-1622.3367289653438,1.8041431894812923
-1589.9842784801233,1.784362105380532
-1688.4547906692703,1.7773849001966742
-1731.4030085325726,1.7761203799019578
-1729.4115376140765,1.772361853185271
-1824.3441893771862,1.775443109302309
-1912.019792650567,1.7907125213525155
-1879.2431970004905,1.7737237359208877
-1924.3344006967786,1.7749566812739417
-1873.1706384392137,1.7680064451095532
-1864.2504714009099,1.7729019501416288
-1817.1989678741445,1.7622532485325229
-1814.5378498821901,1.7641385841271715
-1769.1499428055743,1.761182591551621
-1705.8072066777333,1.7756017920868787
-1710.8354953524054,1.7913137078474213
-1664.2870205307113,1.790081281996379
-1674.3802867101717,1.796244306787322
-1623.1200008073008,1.7906110277293674
-1531.61261164045,1.7844837320637255
-1502.9222833962924,1.7899573901810024
-1443.406219369526,1.7780224875269186
-1381.1796991706176,1.7624987044987448
-1364.0384509783937,1.7741123734152713
-1292.380144267274,1.7610343418745742
-1273.3941114724773,1.7642981028211302
-1238.1904742503152,1.7632194849347578
-1244.056207637103,1.7738587446360716
-1253.1970184867162,1.7907994687472295
-1239.459812253703,1.7861614144492106
-1238.8805765523841,1.78374041954996
-1235.7474955502494,1.7831116823374238
-1186.311608549371,1.7928789065027468
-1179.49600366452,1.7934915029770135
-1167.6894137222625,1.7873067696357277
-1137.3340360037002,1.7804899645546959
-1146.2388803052684,1.7840420572054692
-1177.8258813895036,1.803692247860935
-1114.9796224751055,1.8075984117600143
-1219.8181575076703,1.8504641961390416
-1290.1605503661197,1.870914817057247
-1320.6013205147083,1.8891530519278958
-1348.7215305538534,1.891945645936666
-1315.0563908174315,1.8861048168668215
-1277.8419469127812,1.8832914157311589
-1272.0162331851188,1.875678594252715
-1129.6650091442211,1.8226209336539305
-1063.78664002374,1.809662821860617
-1000.2016687308078,1.8082219312693262
-939.1093099028791,1.7591010942122107
-936.1100570711684,1.7095604133332312
-936.1945589522329,1.694264493710204
-1010.8798995659802,1.6946521141582542
-1062.2731483429686,1.6903121223200477
-1087.4075340305517,1.6815190856264954
-1118.4963422367407,1.676088718203195
-1146.8420732497793,1.7028300132246423
-1109.86208317486,1.7208340131273576
-1097.1531237347074,1.7396655433800665
-1025.9375703448588,1.7378432170127254
-965.7130934296517,1.7376917955740192
-949.9491099714637,1.766954778523884
-871.3363318156413,1.7646361091282037
-805.4102970850082,1.737074088569741
-813.4745509217714,1.7608577605675162
-786.7969923490724,1.7822783070546515
-748.769524331875,1.7802052899862844
-735.1042169791325,1.7888311539492545
-700.399428812124,1.7725181797089917
-693.4508615772614,1.7613924383575974
-720.7331818101089,1.7752739450551902
-682.6848057257508,1.756157336719759
-668.8925462995903,1.747573729805145
-642.9714097598977,1.749472033170833
-602.325355979529,1.7448007278532118
-550.7193718269391,1.7179664359487834
-533.5619742338343,1.737361323171036
-455.610465393057,1.712306515072927
-461.7078357605112,1.707241148829319
-443.34241921556986,1.7133539460080343
-476.81765225737297,1.739707874101324
-526.0298332240368,1.7802257645122004
-550.4157772841585,1.7811417842516
-600.3503870822972,1.7708053086662436
-673.9227511553833,1.7914620567360329
-728.7021499066112,1.795877350997194
-804.8265116932749,1.8042636388195918
-837.417521657427,1.797040951891142
-880.0071840679252,1.7814722987083642
-875.4193036986999,1.7737859667561864
-833.3236413051301,1.7618992307397798
-808.43116120105,1.7644855320827215
-773.9807952187255,1.7421051024007965
-763.5597357008345,1.75245294817711
-754.8461437704636,1.7565122014322783
-713.9566169697176,1.7722899645065964
-681.6223485248595,1.7681659520540003
-664.2988859349726,1.7444284299548034
-657.8640601182609,1.7322772312745438
-641.5108714499428,1.738255407561177
-604.9571384824354,1.6914899550983384
-666.6042972058485,1.6657907897461988
-689.4070060432026,1.6460614719094235
-775.2794682305754,1.6574285272806655
-785.2053602984555,1.6525789384717877
-793.1473474356549,1.6588130332425688
-799.3647944171487,1.6433260918300967
-821.4230567574692,1.6728273030097895
-714.4174786227471,1.6677493408071673
-681.9494195986827,1.6635582115495056
-601.8814040837192,1.6562009426374287
-592.6431060574026,1.673895730197916
-374.68519422627986,1.4815578262242555
-360.52313250123933,1.476939047146764
-330.7731952326359,1.458154485891578
-375.96543255810235,1.4734164638807605
-381.0559037274386,1.473464719657919
-440.5582051282405,1.4917566959968542
-565.3192449402525,1.5328632469115733
-831.1371007263042,1.7317432001275552
-902.996935668196,1.7424107002595663
-932.8390018496779,1.7457376308494008
-921.2739064882094,1.7797109373093343
-920.0461799835302,1.8021108442161464
-828.7363289961023,1.730662680973085
-664.0995890234955,1.6611296212380362
-633.3730104848727,1.6480346094804774
-642.9378729518248,1.6650335242342735
-682.1240611985911,1.684868534004977
-719.6090464260326,1.6974359555610365
-717.7661961987491,1.6776177637392669
-797.9078923637053,1.773048060795768
-948.1974315491497,1.870058122540859
-1047.628369058416,1.9102403137858548
-1035.2111807656888,1.9267737229238875
-998.8525138037373,1.9132592218534794
-1005.4301712969955,1.9202490272927433
-1042.4651825665762,1.9435756619925637
-1047.2509193448998,1.9345874957197795
-903.8133138055359,1.8706325964639783
-776.8022211322233,1.8126261617089325
-818.6094027006229,1.819868325877237
-774.3264522740302,1.8285940992099603
-709.6571575925996,1.7985840277780845
-692.739967522684,1.8002644148876907
-672.3769799872279,1.7907851558544308
-666.3037669828886,1.8071776509938882
-719.1984666014847,1.8207311228422145
-681.7106576827606,1.8141163149398303
-736.5154035819972,1.8218343233056622
-717.8731781914181,1.770881320326684
-709.723963184736,1.7696438067375975
-699.9731106237388,1.7725188130196097
-681.4947014201301,1.762837256308321
-599.5653385342252,1.7521000784157392
-535.3762894680697,1.6688117409425671
-514.649726459907,1.6599383171034088
-544.1971407325962,1.7374956966809139
-553.3525550398999,1.7486480357993808
-572.5892841679004,1.755175711013948
-577.0870712939552,1.7434489832224183
-599.9216698434017,1.746380423346972
-713.4590397742047,1.9063411238411285
-725.9869031013807,1.8988215524054335
-728.711451695914,1.8984415644233832
-747.6753193440462,1.9119178596342337
-705.4120006982662,1.885019203577449
-704.026437304353,1.8868547423089177
-708.0614201413625,1.8790176635432176
-669.6323281144187,1.8656231916701964
-680.7661777488669,1.8785724474881544
-682.9325974420843,1.876379030139339
-666.9464132295501,1.8566645603543523
-680.2615689723665,1.8744912254055648
-666.9043597430418,1.8479691318991547
-649.6750138912159,1.8634236799842168
-687.5980438304935,1.8999367021921896
-679.7250554636503,1.8780126403521902
-713.116552200387,1.9007754776164805
-764.4520631726336,1.9058025883672673
-822.4766797750021,1.9189821015734831
-809.1213230888923,1.9234171834674785
-850.4761565665679,1.937188143064904
-875.0001860418788,1.977060682368525
-1106.4880938309134,2.162433100909779
-1227.9444233500697,2.1720041210920886
-1206.7045391138884,2.2028113444995694
-1200.8988772487266,2.2362280797798104
-1217.7853996845072,2.244472810455616
-1178.0133786109373,2.224635429582588
-1147.2917354260767,2.19542835097137
-889.3518354110502,2.039005773995486
-781.847398661894,2.020686115411294
-890.2456951193733,2.036431821027271
-858.0329448154383,1.9853785170674734
-850.5691469377905,1.9641066806084655
-865.838075027045,1.9754879112972572
-837.085482499274,1.9632483507375156
-815.8026728107285,1.9696424619060557
-795.7546511336323,1.962034067777893
-655.4831829530069,1.907406069569143
-625.3747351398262,1.8849128598725156
-615.9740191821734,1.8561388524877762
-548.971217492963,1.7695823034734441
-662.4400303738557,1.8610485237352592
-688.6633367356648,1.8253067512565992
-669.2667956688683,1.776649487970863
-671.8417802727301,1.7546884758710715
-727.1734982288292,1.7697667829017822
-743.3577528045118,1.7770651626871465
-802.7478866868578,1.7995177476984356
-769.0152018976788,1.7802730097743715
-708.2340106438412,1.7888664373972518
-696.9833154329459,1.8179285238860834
-701.3896629533206,1.8371638416212264
-630.8300612723008,1.7979487617342336
-638.9358746726117,1.806375908927409
-629.1019012329936,1.804084602745918
-628.2474012668567,1.8196771231333506
-629.1583164662896,1.8323150930082817
-654.1853810076002,1.8333945109369731
-705.9470363409288,1.8540050119003273
-749.3315955697495,1.8725095222278612
-746.2746902752181,1.8782013938974618
-760.7006689623453,1.9116023168734637
-716.5244371569646,1.9023866445500273
-740.2428960804987,1.9048534302668105
-797.8288079339242,1.9156893356557074
-826.6392299629432,1.9033881478243617
-906.5800585127362,1.9105629457872846
-972.1159093336229,1.9111473259437253
-967.5205305116783,1.8634549824391557
-1093.4272989224078,1.856320214421717
-1186.4152961108737,1.8170348737650808
-1316.5903707110053,1.7730086546984918
-2144.092774533492,1.8188304997127334
-2736.661535363457,1.8787781935201053
-2988.7920790840863,1.8896883879221877
-3061.622066703496,1.8794168199696455
-3072.4170618282683,1.8753017949390636
-3058.262682775865,1.8796998048673497
-2914.1279352009788,1.885069406532375
-2021.7567814795116,1.8020510838526358
-1427.6200960159497,1.7343126925929124
-1199.6074180899443,1.7102940554980421
-1103.2580608393337,1.7102741848521934
-1000.4002624495433,1.7017110499077515
-972.8107708241396,1.6885618010341157
-933.1404695912187,1.6869177787518466
-922.8266751867895,1.7457392339839397
-909.735657394954,1.753107124154429
-884.3226157145642,1.7463268901031834
-874.5838596483646,1.7346544396980377
-891.5070801409416,1.7249722161292136
-826.0533119350797,1.7205967773076376
-832.3950405038868,1.7205419599075449
-792.1195175400775,1.717565547242344
-796.5854918459291,1.7269202603644278
-755.698887627003,1.7449914357004788
-790.3983620986651,1.8007474067168485
-723.6097763143146,1.805499559315219
-505.29924558656944,1.7910572029373464
-462.67747715301414,1.8038793759708236
-462.1645050166283,1.8194424307964878
-395.06326912207913,1.7810879262617454
-493.94224845556596,1.8104186222092165
-513.1261581385726,1.817500045743572
-556.1379227329986,1.8303864587415588
-768.6537825784224,1.85551979743698
-802.4372927707471,1.8292158939641046
-817.0232203058916,1.823388942432783
-842.4151218516297,1.8017528792814541
-796.7141318886761,1.7762854433852169
-782.0772555263441,1.8043555682548729
-774.3531734347658,1.8072143276056374
-757.0231437254577,1.7829071415345692
-738.1928494861224,1.791040642836594
-722.0066835760433,1.8038892095528474
-701.2618743874597,1.8226217792538562
-690.8138260638818,1.8412528228903167
-624.670259634869,1.8004019440087968
-620.2445847831434,1.7977480493642723
-653.3532919563331,1.8228197964683162
-633.1159343379579,1.8161197512184764
-647.4134904998809,1.82161764035566
-648.8223185480516,1.826894735846272
-599.4293194184546,1.8200039175672285
-596.8511272389323,1.7879995612232946
-573.8393947117196,1.7532989399962078
-548.5006001868522,1.723931683002397
-625.2442273418043,1.7508560966629634
-607.3773315624338,1.707809908916399
-707.8002107237,1.7487508845345516
-728.1910893029442,1.7539981525614814
-738.2805593004696,1.756273762026554
-723.7127876789804,1.732109819720209
-754.9485508433497,1.739330676735343
-738.2065412666118,1.733148587705046
-737.5082644544274,1.735756604432764
-671.940933721772,1.7522650621496634
-723.5157656209843,1.7731345609737332
-766.8508381475169,1.8027611498130247
-755.7288978309105,1.811601501372512
-715.2973505917387,1.793667036927066
-635.9238551897909,1.7969578931472863
-652.9398191636564,1.8038098704211132
-615.4837841763997,1.7773765130472676
-558.6603335619033,1.7526181892285984
-525.1109887590426,1.7262796665307378
-558.2390602794039,1.740153997099051
-466.7233776769393,1.636121616917488
-456.8956984062144,1.6209670933442217
-443.21260542006627,1.6111580644943928
-442.4484028190803,1.6140449399705112
-449.85526735836334,1.6139546515823022
-464.3989794905575,1.6284264961118189
-441.6870993917015,1.615998838428669
-519.818275032041,1.7284296062896893
-556.2642003798312,1.7414105751639295
-527.7962568087274,1.7297383060754528
-499.9599553086011,1.7211897701715257
-490.92861303558396,1.7047475524029339
-446.44166564131183,1.6810603058461504
-423.7836331871839,1.6751129899464234
-448.81711219428325,1.7001977599346412
-416.309717456145,1.6607464266450174
-435.41044555895013,1.7187673001123212
-433.61974277504856,1.7299683279969167
-395.5769111200381,1.716157497312779
-386.992354348165,1.711118415667719
-394.4315798463664,1.7160194051664348
-408.5582671556347,1.7280875396315805
-420.67442600249103,1.7662996436426373
-414.1584972782542,1.7515661585874291
-399.0629247549773,1.7051726596186894
-492.8907801388898,1.7476701910591979
-497.0967521609406,1.7586669631759135
-473.7251346525938,1.7321012445094761
-437.3354798729039,1.6984606237758804
-449.64699225786376,1.695880371201271
-435.23577794498044,1.6782630943455723
-424.66423264042885,1.7083314955798614
-336.4666374209862,1.664771560524582
-393.04517987756583,1.7192249772702166
-374.00030779935827,1.7143328616332836
-382.55961849887586,1.699474674777842
-376.21923460728505,1.7131504577471879
-397.2363260909983,1.7491751368712647
-385.51613640985363,1.7163038434458935
-369.18854928075683,1.7076886630361425
-324.9490396715506,1.673344121825783
-350.27371447590065,1.6914214328295583
-392.0027342873059,1.730982544191206
-396.63477464926643,1.6868973266659752
-424.26372567093387,1.686389643677207
-431.2874291378903,1.6766705686443582
-468.2801283763512,1.6771003929320543
-497.0498837940678,1.6903746284405439
-505.0421902774333,1.6681890619146944
-495.16653211907607,1.6722065920960758
-508.21077371185186,1.6988876557512085
-506.20970915925557,1.696191130237431
-546.4389699641617,1.7461259383135916
-541.9406492855435,1.7639012354256354
-532.7003994709153,1.7504408613458982
-509.2717762565678,1.7521532787850072
-494.21461247251625,1.7309764764411077
-470.4935124647045,1.7077134004671708
-434.25483938053117,1.7078757880376594
-406.27466383146856,1.6837738497887242
-366.31317690128503,1.646139921816782
-353.9940989432523,1.6366796236279149
-363.33531612966004,1.6274476175557426
-391.8787316415617,1.5539103065600606
-415.6718183385214,1.566826573239469
-422.50639141371215,1.5556008595991588
-434.2300849678512,1.5639087946429155
-425.8952211246411,1.563729827608988
-440.40117446522447,1.5605569643338668
-421.80176344825793,1.5617358804166173
-391.62969928710163,1.6651010209009887
-339.87047958919015,1.6517676415454725
-303.63486004067084,1.6523597354311044
-286.32489870647106,1.6610139155931067
-321.3521758545163,1.706934075021122
-315.22290704984255,1.714637931205291
-324.2121393922231,1.7337222316712224
-391.60377138871723,1.7956666438432174
-436.05786928389546,1.8054797480471205
-441.1453219075376,1.7759762373888819
-468.4388109412167,1.7785503204361577
-419.48494164179687,1.730196221811201
-409.0399580436071,1.7370318767721515
-396.14271624126474,1.7255357556523754
-318.78242704766006,1.651317388889413
-287.3431076753871,1.635823077118545
-288.19340066912247,1.664056852632073
-256.6099443195788,1.606042873316442
-251.30265313412679,1.5994674149300263
-294.04004060729403,1.645543031044262
-342.8523787121594,1.7433752527751698
-380.0448654381603,1.7595936210434533
-384.3300437033049,1.7434432338632813
-421.1991941056531,1.780421414578358
-393.3329480755815,1.7737246338526202
-425.96886953540377,1.8310739350777154
-385.6342379719435,1.785645962872554
-350.4231994011935,1.6971584530843407
-315.1081455515162,1.6751948911290537
-308.55596953970183,1.716834279878319
-274.61854149153623,1.689543619324487
-260.0128916734262,1.6675360190723996
-232.42050691574994,1.639410595710903
-211.96806666704268,1.6051335983207995
-174.22473428070538,1.5817623238445082
-181.54685368460042,1.5861637706399752
-193.9734037119047,1.5586962680800935
-206.26907894626115,1.563678813622532
-211.64001859892505,1.5617095548174054
-199.00382318564766,1.5266207771437426
-215.79892156493793,1.5527267739996602
-236.05409537474054,1.5388113213602717
-231.50872176558167,1.5405261192350213
-197.41574663430524,1.5485494181196522
-182.00598579860818,1.5371979288105813
-170.68111213426127,1.54562507970805
-171.6448075167324,1.556749993160004
-149.85808067914277,1.5423135846834295
-132.13339949087833,1.5554093017415163
-129.82711025766523,1.5340221437616444
-148.93670034219906,1.5650865959243656
-163.27879718003365,1.5759773974850577
-172.48979260317972,1.56738052324118
-174.7245953450284,1.5805420870114741
-164.6246467014522,1.5560529924333986
-157.93669166563276,1.5116119011239604
-178.6594407326355,1.5557652168475231
-404.0254445311503,1.3918119633333745
-406.5408588711845,1.3726346977099
-388.0282615373329,1.3573243223900888
-376.78526329216265,1.3460225117622135
-400.9553347142126,1.368167023245683
-405.4765287729336,1.3580057301218433
-348.7604808891895,1.30347182539377
-189.46937319286693,1.3916525732153873
-197.20710783035327,1.417579569259441
-232.11690244808986,1.4361227190380512
-246.15615948494178,1.4499875246674219
-254.09712410683161,1.460421828578842
-254.95021292910704,1.509996059146214
-256.177495554967,1.554400340354735
-224.84143148948823,1.5481513830990008
-225.85800524272884,1.5790195293052622
-208.85529426670806,1.6158795201498566
-211.35466683020408,1.6248735873893079
-203.20095883993514,1.6099107212552355
-199.99254712034687,1.622900709363392
-226.79474529064402,1.6589175787268584
-247.81384212627492,1.6996522762302408
-256.10337167572425,1.7013383533702444
-279.6882007942976,1.7013834730577873
-261.2426287532646,1.7188614809079357
-259.03736247802345,1.7134753668990705
-225.91087873567608,1.6485594325058361
-198.18782551930173,1.5751216088709614
-202.0953960802973,1.5140518482609258
-181.22705963249365,1.4806886992674946
-178.25449585213974,1.4788052350530345
-190.5215995617716,1.4672768964339882
-179.683141121039,1.4500118501597894
-193.69713480841233,1.4725630048483063
-189.6917776135728,1.502064879256511
-185.2985111079288,1.5524441742042079
-203.32513769689223,1.5800218511595268
-178.37516730363532,1.5636688287593192
-173.5531135811398,1.560587495932692
-175.04957682552566,1.5402059952530744
-166.24423051235868,1.5119438510528687
-162.81562933269575,1.4685834066496768
-159.74970243352308,1.444490971863542
-169.68386739561248,1.4505716575852043
-192.86906410667206,1.4837450807734063
-198.42910531265105,1.469388326549431
-195.67926890405144,1.4462690510333724
-180.70884904843527,1.4124286417427945
-180.26524184314212,1.4171278073592128
-169.07150445316515,1.3902855685390532
-186.12818846892478,1.4591740608249097
-152.68155158428243,1.3910081219689043
-138.82517322729035,1.364720618383617
-142.48277483174667,1.374600678401211
-141.59808521447567,1.3939148387950544
-143.1685563116019,1.3977057367271297
-150.91232043899552,1.420169278755252
-189.61414925747508,1.5331638747120293
-208.56110593360634,1.5623677365776623
-228.6757986382761,1.5908210228240054
-248.19862443262258,1.6121302807401752
-267.82335338077615,1.6258435071516282
-268.98236196109997,1.639399038826986
-276.8338351511555,1.6675439303174964
-265.50401941951395,1.6471284477982069
-254.04913372242078,1.6446678254742515
-250.7613682642263,1.6459861305195354
-227.83033322529354,1.6351877285124454
-233.15306168286787,1.6759101775062932
-282.12925246458855,1.628748902989027
-267.94105862337045,1.585008220151733
-249.59678790783164,1.546634769360079
-250.50071498942546,1.5494487459422057
-241.8005760537675,1.5520836244796572
-251.05563790997255,1.5619651519350894
-287.9772473637239,1.6257594132756583
-233.8711868970337,1.6806248476415089
-222.04423574857915,1.6616623998277533
-234.17311835245116,1.6969290813885503
-214.41810880481404,1.680827429397304
-221.66223802457193,1.6767163365712159
-217.44561976585817,1.661067738948429
-175.64980949086274,1.5785090946155482
-171.11871826460518,1.5784087204620902
-162.8326512397789,1.602585296996449
-142.4442575597746,1.5677807048916017
-167.00725976946947,1.579784051612163
-176.05774529573605,1.6225582886935652
-183.40751504795415,1.680153504450772
-193.86679156011274,1.701980308596559
-225.11311288955713,1.762884003816471
-237.73645532728835,1.7537422319722569
-237.57686603723468,1.772039355695092
-264.971982035924,1.758357917492425
-282.3253803446236,1.739558379412327
-289.3733408199892,1.7213067017697292
-298.4958648683151,1.7173572945461602
-294.8368380632336,1.5837419924574228
-295.30920584857927,1.5874630118732016
-318.86534892150036,1.5967527988343764
-286.0719944441128,1.6004284399873006
-271.6160798636018,1.5886593576756642
-255.93936554702861,1.5641253425194113
-240.2586337073572,1.5552945199890227
-211.28236512254358,1.6278763166141434
-202.94833436189865,1.6390575029097847
-193.38519452252717,1.6531349937686732
-216.72884757290564,1.6636555369708657
-202.8007751501322,1.6428414684810992
-209.87871868631245,1.6576382509624492
-246.4958176490151,1.7144661757156876
-252.617248146185,1.7304590638783526
-265.6190225285353,1.7149789634258228
-292.4907469085714,1.7381240686736819
-264.69114995079207,1.7058956151351397
-269.87026451302046,1.7191015990068288
-271.7463004959314,1.7171205667184386
-257.13081486108354,1.6739188180699849
-263.5600234096726,1.6921029225508548
-322.3028288749875,1.6982872981092352
-286.90632585772,1.6538141353477964
-310.13409661354495,1.6578529026136872
-292.49404675479235,1.630332722036855
-301.15888436825736,1.6397136076647083
